Name," ""Team"""," ""Position"""
Adam Donachie," ""BAL"""," ""Catcher"""
Paul Bako," ""BAL"""," ""Catcher"""
Ramon Hernandez," ""BAL"""," ""Catcher"""
Kevin Millar," ""BAL"""," ""First Baseman"""
Chris Gomez," ""BAL"""," ""First Baseman"""
Brian Roberts," ""BAL"""," ""Second Baseman"""
Miguel Tejada," ""BAL"""," ""Shortstop"""
Melvin Mora," ""BAL"""," ""Third Baseman"""
Aubrey Huff," ""BAL"""," ""Third Baseman"""
Adam Stern," ""BAL"""," ""Outfielder"""
Jeff Fiorentino," ""BAL"""," ""Outfielder"""
Freddie Bynum," ""BAL"""," ""Outfielder"""
Nick Markakis," ""BAL"""," ""Outfielder"""
Brandon Fahey," ""BAL"""," ""Outfielder"""
Corey Patterson," ""BAL"""," ""Outfielder"""
Jay Payton," ""BAL"""," ""Outfielder"""
Jay Gibbons," ""BAL"""," ""Designated Hitter"""
Erik Bedard," ""BAL"""," ""Starting Pitcher"""
Hayden Penn," ""BAL"""," ""Starting Pitcher"""
Adam Loewen," ""BAL"""," ""Starting Pitcher"""
Daniel Cabrera," ""BAL"""," ""Starting Pitcher"""
Steve Trachsel," ""BAL"""," ""Starting Pitcher"""
Jaret Wright," ""BAL"""," ""Starting Pitcher"""
Kris Benson," ""BAL"""," ""Starting Pitcher"""
Scott Williamson," ""BAL"""," ""Relief Pitcher"""
John Parrish," ""BAL"""," ""Relief Pitcher"""
Danys Baez," ""BAL"""," ""Relief Pitcher"""
Chad Bradford," ""BAL"""," ""Relief Pitcher"""
Jamie Walker," ""BAL"""," ""Relief Pitcher"""
Brian Burres," ""BAL"""," ""Relief Pitcher"""
Kurt Birkins," ""BAL"""," ""Relief Pitcher"""
James Hoey," ""BAL"""," ""Relief Pitcher"""
Sendy Rleal," ""BAL"""," ""Relief Pitcher"""
Chris Ray," ""BAL"""," ""Relief Pitcher"""
Jeremy Guthrie," ""BAL"""," ""Relief Pitcher"""
A.J. Pierzynski," ""CWS"""," ""Catcher"""
Toby Hall," ""CWS"""," ""Catcher"""
Paul Konerko," ""CWS"""," ""First Baseman"""
Tadahito Iguchi," ""CWS"""," ""Second Baseman"""
Juan Uribe," ""CWS"""," ""Shortstop"""
Alex Cintron," ""CWS"""," ""Shortstop"""
Joe Crede," ""CWS"""," ""Third Baseman"""
Josh Fields," ""CWS"""," ""Third Baseman"""
Ryan Sweeney," ""CWS"""," ""Outfielder"""
Brian N. Anderson," ""CWS"""," ""Outfielder"""
Luis Terrero," ""CWS"""," ""Outfielder"""
Pablo Ozuna," ""CWS"""," ""Outfielder"""
Scott Podsednik," ""CWS"""," ""Outfielder"""
Jermaine Dye," ""CWS"""," ""Outfielder"""
Darin Erstad," ""CWS"""," ""Outfielder"""
Rob Mackowiak," ""CWS"""," ""Outfielder"""
Jim Thome," ""CWS"""," ""Designated Hitter"""
Jerry Owens," ""CWS"""," ""Designated Hitter"""
Charlie Haeger," ""CWS"""," ""Starting Pitcher"""
Heath Phillips," ""CWS"""," ""Starting Pitcher"""
Gavin Floyd," ""CWS"""," ""Starting Pitcher"""
Jose Contreras," ""CWS"""," ""Starting Pitcher"""
Jon Garland," ""CWS"""," ""Starting Pitcher"""
Javier Vazquez," ""CWS"""," ""Starting Pitcher"""
Mark Buehrle," ""CWS"""," ""Starting Pitcher"""
Mike MacDougal," ""CWS"""," ""Relief Pitcher"""
David Aardsma," ""CWS"""," ""Relief Pitcher"""
Andrew Sisco," ""CWS"""," ""Relief Pitcher"""
Matt Thornton," ""CWS"""," ""Relief Pitcher"""
Bobby Jenks," ""CWS"""," ""Relief Pitcher"""
Boone Logan," ""CWS"""," ""Relief Pitcher"""
Sean Tracey," ""CWS"""," ""Relief Pitcher"""
Nick Masset," ""CWS"""," ""Relief Pitcher"""
Jose Molina," ""ANA"""," ""Catcher"""
Jeff Mathis," ""ANA"""," ""Catcher"""
Mike Napoli," ""ANA"""," ""Catcher"""
Casey Kotchman," ""ANA"""," ""First Baseman"""
Kendry Morales," ""ANA"""," ""First Baseman"""
Shea Hillenbrand," ""ANA"""," ""First Baseman"""
Robb Quinlan," ""ANA"""," ""First Baseman"""
Howie Kendrick," ""ANA"""," ""First Baseman"""
Orlando Cabrera," ""ANA"""," ""Shortstop"""
Erick Aybar," ""ANA"""," ""Shortstop"""
Dallas McPherson," ""ANA"""," ""Third Baseman"""
Maicer Izturis," ""ANA"""," ""Third Baseman"""
Reggie Willits," ""ANA"""," ""Outfielder"""
Tommy Murphy," ""ANA"""," ""Outfielder"""
Terry Evans," ""ANA"""," ""Outfielder"""
Gary Matthews Jr.," ""ANA"""," ""Outfielder"""
Garret Anderson," ""ANA"""," ""Outfielder"""
Vladimir Guerrero," ""ANA"""," ""Outfielder"""
Chone Figgins," ""ANA"""," ""Outfielder"""
Juan Rivera," ""ANA"""," ""Outfielder"""
John Lackey," ""ANA"""," ""Starting Pitcher"""
Bartolo Colon," ""ANA"""," ""Starting Pitcher"""
Kelvim Escobar," ""ANA"""," ""Starting Pitcher"""
Dustin Moseley," ""ANA"""," ""Starting Pitcher"""
Ervin Santana," ""ANA"""," ""Starting Pitcher"""
Joe Saunders," ""ANA"""," ""Starting Pitcher"""
Jered Weaver," ""ANA"""," ""Starting Pitcher"""
Chris Resop," ""ANA"""," ""Relief Pitcher"""
Phil Seibel," ""ANA"""," ""Relief Pitcher"""
Justin Speier," ""ANA"""," ""Relief Pitcher"""
Darren Oliver," ""ANA"""," ""Relief Pitcher"""
Hector Carrasco," ""ANA"""," ""Relief Pitcher"""
Scot Shields," ""ANA"""," ""Relief Pitcher"""
Francisco Rodriguez," ""ANA"""," ""Relief Pitcher"""
Greg Jones," ""ANA"""," ""Relief Pitcher"""
Doug Mirabelli," ""BOS"""," ""Catcher"""
Jason Varitek," ""BOS"""," ""Catcher"""
George Kottaras," ""BOS"""," ""Catcher"""
Kevin Youkilis," ""BOS"""," ""First Baseman"""
Dustin Pedroia," ""BOS"""," ""Second Baseman"""
Alex Cora," ""BOS"""," ""Shortstop"""
Julio Lugo," ""BOS"""," ""Shortstop"""
Mike Lowell," ""BOS"""," ""Third Baseman"""
Wily Mo Pe?a," ""BOS"""," ""Outfielder"""
J.D. Drew," ""BOS"""," ""Outfielder"""
Manny Ramirez," ""BOS"""," ""Outfielder"""
Brandon Moss," ""BOS"""," ""Outfielder"""
David Murphy," ""BOS"""," ""Outfielder"""
Eric Hinske," ""BOS"""," ""Outfielder"""
Coco Crisp," ""BOS"""," ""Outfielder"""
David Ortiz," ""BOS"""," ""Designated Hitter"""
Curt Schilling," ""BOS"""," ""Starting Pitcher"""
Tim Wakefield," ""BOS"""," ""Starting Pitcher"""
Josh Beckett," ""BOS"""," ""Starting Pitcher"""
Matt Clement," ""BOS"""," ""Starting Pitcher"""
Jonathan Papelbon," ""BOS"""," ""Starting Pitcher"""
Kyle Snyder," ""BOS"""," ""Starting Pitcher"""
Devern Hansack," ""BOS"""," ""Starting Pitcher"""
Jon Lester," ""BOS"""," ""Starting Pitcher"""
Kason Gabbard," ""BOS"""," ""Starting Pitcher"""
Craig Hansen," ""BOS"""," ""Relief Pitcher"""
Hideki Okajima," ""BOS"""," ""Relief Pitcher"""
Craig Breslow," ""BOS"""," ""Relief Pitcher"""
Manny Delcarmen," ""BOS"""," ""Relief Pitcher"""
Brendan Donnelly," ""BOS"""," ""Relief Pitcher"""
Javier Lopez," ""BOS"""," ""Relief Pitcher"""
J.C. Romero," ""BOS"""," ""Relief Pitcher"""
Joel Pineiro," ""BOS"""," ""Relief Pitcher"""
Julian Tavarez," ""BOS"""," ""Relief Pitcher"""
Mike Timlin," ""BOS"""," ""Relief Pitcher"""
Nick DeBarr," ""BOS"""," ""Relief Pitcher"""
Victor Martinez," ""CLE"""," ""Catcher"""
Kelly Shoppach," ""CLE"""," ""Catcher"""
Ryan Garko," ""CLE"""," ""First Baseman"""
Joe Inglett," ""CLE"""," ""Second Baseman"""
Josh Barfield," ""CLE"""," ""Second Baseman"""
Hector Luna," ""CLE"""," ""Second Baseman"""
Jhonny Peralta," ""CLE"""," ""Shortstop"""
Andy Marte," ""CLE"""," ""Third Baseman"""
Ben Francisco," ""CLE"""," ""Outfielder"""
Shin-Soo Choo," ""CLE"""," ""Outfielder"""
Franklin Gutierrez," ""CLE"""," ""Outfielder"""
Grady Sizemore," ""CLE"""," ""Outfielder"""
Jason Michaels," ""CLE"""," ""Outfielder"""
Trot Nixon," ""CLE"""," ""Outfielder"""
David Dellucci," ""CLE"""," ""Outfielder"""
Casey Blake," ""CLE"""," ""Outfielder"""
Travis Hafner," ""CLE"""," ""Designated Hitter"""
Paul Byrd," ""CLE"""," ""Starting Pitcher"""
Cliff Lee," ""CLE"""," ""Starting Pitcher"""
Jake Westbrook," ""CLE"""," ""Starting Pitcher"""
C.C. Sabathia," ""CLE"""," ""Starting Pitcher"""
Jeremy Sowers," ""CLE"""," ""Starting Pitcher"""
Rafael Perez," ""CLE"""," ""Relief Pitcher"""
Brian Slocum," ""CLE"""," ""Relief Pitcher"""
Edward Mujica," ""CLE"""," ""Relief Pitcher"""
Fernando Cabrera," ""CLE"""," ""Relief Pitcher"""
Tom Mastny," ""CLE"""," ""Relief Pitcher"""
Juan Lara," ""CLE"""," ""Relief Pitcher"""
Fausto Carmona," ""CLE"""," ""Relief Pitcher"""
Aaron Fultz," ""CLE"""," ""Relief Pitcher"""
Rafael Betancourt," ""CLE"""," ""Relief Pitcher"""
Roberto Hernandez," ""CLE"""," ""Relief Pitcher"""
Joe Borowski," ""CLE"""," ""Relief Pitcher"""
Matt Miller," ""CLE"""," ""Relief Pitcher"""
Jason Davis," ""CLE"""," ""Relief Pitcher"""
Mike Piazza," ""OAK"""," ""Catcher"""
Jason Kendall," ""OAK"""," ""Catcher"""
Adam Melhuse," ""OAK"""," ""Catcher"""
Nick Swisher," ""OAK"""," ""First Baseman"""
Dan Johnson," ""OAK"""," ""First Baseman"""
Donald Murphy," ""OAK"""," ""Second Baseman"""
Mark Ellis," ""OAK"""," ""Second Baseman"""
Marco Scutaro," ""OAK"""," ""Shortstop"""
Bobby Crosby," ""OAK"""," ""Shortstop"""
Mark Kiger," ""OAK"""," ""Shortstop"""
Antonio Perez," ""OAK"""," ""Third Baseman"""
Eric Chavez," ""OAK"""," ""Third Baseman"""
Milton Bradley," ""OAK"""," ""Outfielder"""
Shannon Stewart," ""OAK"""," ""Outfielder"""
Bobby Kielty," ""OAK"""," ""Outfielder"""
Mark Kotsay," ""OAK"""," ""Outfielder"""
Ryan Goleski," ""OAK"""," ""Outfielder"""
Jeremy Brown," ""OAK"""," ""Designated Hitter"""
Jason Windsor," ""OAK"""," ""Starting Pitcher"""
David Shafer," ""OAK"""," ""Starting Pitcher"""
Joe Blanton," ""OAK"""," ""Starting Pitcher"""
Brad Halsey," ""OAK"""," ""Starting Pitcher"""
Dan Haren," ""OAK"""," ""Starting Pitcher"""
Rich Harden," ""OAK"""," ""Starting Pitcher"""
Joe Kennedy," ""OAK"""," ""Starting Pitcher"""
Esteban Loaiza," ""OAK"""," ""Starting Pitcher"""
Alan Embree," ""OAK"""," ""Relief Pitcher"""
Jay Witasick," ""OAK"""," ""Relief Pitcher"""
Justin Duchscherer," ""OAK"""," ""Relief Pitcher"""
Kiko Calero," ""OAK"""," ""Relief Pitcher"""
Chad Gaudin," ""OAK"""," ""Relief Pitcher"""
Lenny DiNardo," ""OAK"""," ""Relief Pitcher"""
Scott Dunn," ""OAK"""," ""Relief Pitcher"""
Huston Street," ""OAK"""," ""Relief Pitcher"""
Ron Flores," ""OAK"""," ""Relief Pitcher"""
Jay Marshall," ""OAK"""," ""Relief Pitcher"""
Marcus McBeth," ""OAK"""," ""Relief Pitcher"""
Jorge Posada," ""NYY"""," ""Catcher"""
Wil Nieves," ""NYY"""," ""Catcher"""
Andy Phillips," ""NYY"""," ""First Baseman"""
Doug Mientkiewicz," ""NYY"""," ""First Baseman"""
Josh Phelps," ""NYY"""," ""First Baseman"""
Miguel Cairo," ""NYY"""," ""Second Baseman"""
Robinson Cano," ""NYY"""," ""Second Baseman"""
Derek Jeter," ""NYY"""," ""Shortstop"""
Alex Rodriguez," ""NYY"""," ""Third Baseman"""
Johnny Damon," ""NYY"""," ""Outfielder"""
Bobby Abreu," ""NYY"""," ""Outfielder"""
Hideki Matsui," ""NYY"""," ""Outfielder"""
Melky Cabrera," ""NYY"""," ""Outfielder"""
Kevin Thompson," ""NYY"""," ""Outfielder"""
Jason Giambi," ""NYY"""," ""Designated Hitter"""
Mike Mussina," ""NYY"""," ""Starting Pitcher"""
Carl Pavano," ""NYY"""," ""Starting Pitcher"""
Andy Pettitte," ""NYY"""," ""Starting Pitcher"""
Darrell Rasner," ""NYY"""," ""Starting Pitcher"""
Jeff Karstens," ""NYY"""," ""Starting Pitcher"""
Humberto Sanchez," ""NYY"""," ""Starting Pitcher"""
Chien-Ming Wang," ""NYY"""," ""Starting Pitcher"""
Sean Henn," ""NYY"""," ""Relief Pitcher"""
Scott Proctor," ""NYY"""," ""Relief Pitcher"""
Brian Bruney," ""NYY"""," ""Relief Pitcher"""
Chris Britton," ""NYY"""," ""Relief Pitcher"""
T.J. Beam," ""NYY"""," ""Relief Pitcher"""
Jose Veras," ""NYY"""," ""Relief Pitcher"""
Kyle Farnsworth," ""NYY"""," ""Relief Pitcher"""
Luis Vizcaino," ""NYY"""," ""Relief Pitcher"""
Mike Myers," ""NYY"""," ""Relief Pitcher"""
Mariano Rivera," ""NYY"""," ""Relief Pitcher"""
Ivan Rodriguez," ""DET"""," ""Catcher"""
Vance Wilson," ""DET"""," ""Catcher"""
Sean Casey," ""DET"""," ""First Baseman"""
Chris Shelton," ""DET"""," ""First Baseman"""
Omar Infante," ""DET"""," ""Second Baseman"""
Placido Polanco," ""DET"""," ""Second Baseman"""
Neifi Perez," ""DET"""," ""Second Baseman"""
Carlos Guillen," ""DET"""," ""Shortstop"""
Ramon Santiago," ""DET"""," ""Shortstop"""
Tony Giarratano," ""DET"""," ""Shortstop"""
Brandon Inge," ""DET"""," ""Third Baseman"""
Craig Monroe," ""DET"""," ""Outfielder"""
Magglio Ordo?ez," ""DET"""," ""Outfielder"""
Curtis Granderson," ""DET"""," ""Outfielder"""
Brent Clevlen," ""DET"""," ""Outfielder"""
Marcus Thames," ""DET"""," ""Outfielder"""
Gary Sheffield," ""DET"""," ""Outfielder"""
Mike Rabelo," ""DET"""," ""Designated Hitter"""
Zach Miner," ""DET"""," ""Starting Pitcher"""
Jeremy Bonderman," ""DET"""," ""Starting Pitcher"""
Nate Robertson," ""DET"""," ""Starting Pitcher"""
Justin Verlander," ""DET"""," ""Starting Pitcher"""
Virgil Vasquez," ""DET"""," ""Starting Pitcher"""
Kenny Rogers," ""DET"""," ""Starting Pitcher"""
Mike Maroth," ""DET"""," ""Starting Pitcher"""
Fernando Rodney," ""DET"""," ""Relief Pitcher"""
Chad Durbin," ""DET"""," ""Relief Pitcher"""
Jason Grilli," ""DET"""," ""Relief Pitcher"""
Jose Mesa," ""DET"""," ""Relief Pitcher"""
Todd Jones," ""DET"""," ""Relief Pitcher"""
Joel Zumaya," ""DET"""," ""Relief Pitcher"""
Jordan Tata," ""DET"""," ""Relief Pitcher"""
Andrew Miller," ""DET"""," ""Relief Pitcher"""
Yorman Bazardo," ""DET"""," ""Relief Pitcher"""
Wilfredo Ledezma," ""DET"""," ""Relief Pitcher"""
Roman Colon," ""DET"""," ""Relief Pitcher"""
Edward Campusano," ""DET"""," ""Relief Pitcher"""
Rene Rivera," ""SEA"""," ""Catcher"""
Kenji Johjima," ""SEA"""," ""Catcher"""
Richie Sexson," ""SEA"""," ""First Baseman"""
Ben Broussard," ""SEA"""," ""First Baseman"""
Jose Lopez," ""SEA"""," ""Second Baseman"""
Jose Vidro," ""SEA"""," ""Second Baseman"""
Yuniesky Betancourt," ""SEA"""," ""Shortstop"""
Oswaldo Navarro," ""SEA"""," ""Shortstop"""
Adrian Beltre," ""SEA"""," ""Third Baseman"""
Raul Ibanez," ""SEA"""," ""Outfielder"""
Jose Guillen," ""SEA"""," ""Outfielder"""
Jeremy Reed," ""SEA"""," ""Outfielder"""
Willie Bloomquist," ""SEA"""," ""Outfielder"""
Adam Jones," ""SEA"""," ""Outfielder"""
Ichiro Suzuki," ""SEA"""," ""Outfielder"""
Mike Morse," ""SEA"""," ""Outfielder"""
Felix Hernandez," ""SEA"""," ""Starting Pitcher"""
Ryan Feierabend," ""SEA"""," ""Starting Pitcher"""
Sean White," ""SEA"""," ""Starting Pitcher"""
Horacio Ramirez," ""SEA"""," ""Starting Pitcher"""
Cha Baek," ""SEA"""," ""Starting Pitcher"""
Miguel Batista," ""SEA"""," ""Starting Pitcher"""
Jeff Weaver," ""SEA"""," ""Starting Pitcher"""
Jarrod Washburn," ""SEA"""," ""Starting Pitcher"""
George Sherrill," ""SEA"""," ""Relief Pitcher"""
Julio Mateo," ""SEA"""," ""Relief Pitcher"""
J.J. Putz," ""SEA"""," ""Relief Pitcher"""
Chris Reitsma," ""SEA"""," ""Relief Pitcher"""
Cesar Jimenez," ""SEA"""," ""Relief Pitcher"""
Eric O'Flaherty," ""SEA"""," ""Relief Pitcher"""
Jon Huber," ""SEA"""," ""Relief Pitcher"""
Jake Woods," ""SEA"""," ""Relief Pitcher"""
Sean Green," ""SEA"""," ""Relief Pitcher"""
Mark Lowe," ""SEA"""," ""Relief Pitcher"""
Josh Paul," ""TB"""," ""Catcher"""
Dioner Navarro," ""TB"""," ""Catcher"""
Shawn Riggans," ""TB"""," ""Catcher"""
Ty Wigginton," ""TB"""," ""First Baseman"""
Brendan Harris," ""TB"""," ""Second Baseman"""
Jorge Cantu," ""TB"""," ""Second Baseman"""
Ben Zobrist," ""TB"""," ""Shortstop"""
B.J. Upton," ""TB"""," ""Third Baseman"""
Carl Crawford," ""TB"""," ""Outfielder"""
Rocco Baldelli," ""TB"""," ""Outfielder"""
Greg Norton," ""TB"""," ""Outfielder"""
Elijah Dukes," ""TB"""," ""Outfielder"""
Delmon Young," ""TB"""," ""Outfielder"""
Jonny Gomes," ""TB"""," ""Designated Hitter"""
Edwin Jackson," ""TB"""," ""Starting Pitcher"""
Scott Kazmir," ""TB"""," ""Starting Pitcher"""
Casey Fossum," ""TB"""," ""Starting Pitcher"""
Jae Seo," ""TB"""," ""Starting Pitcher"""
J.P. Howell," ""TB"""," ""Starting Pitcher"""
Tim Corcoran," ""TB"""," ""Starting Pitcher"""
Jason Hammel," ""TB"""," ""Starting Pitcher"""
James Shields," ""TB"""," ""Starting Pitcher"""
Brian Stokes," ""TB"""," ""Starting Pitcher"""
Juan Salas," ""TB"""," ""Relief Pitcher"""
Jeff Ridgway," ""TB"""," ""Relief Pitcher"""
Ruddy Lugo," ""TB"""," ""Relief Pitcher"""
Jae-Kuk Ryu," ""TB"""," ""Relief Pitcher"""
Chad Orvella," ""TB"""," ""Relief Pitcher"""
Dan Miceli," ""TB"""," ""Relief Pitcher"""
Seth McClung," ""TB"""," ""Relief Pitcher"""
Jon Switzer," ""TB"""," ""Relief Pitcher"""
Shawn Camp," ""TB"""," ""Relief Pitcher"""
Scott Dohmann," ""TB"""," ""Relief Pitcher"""
Jason LaRue," ""KC"""," ""Catcher"""
John Buck," ""KC"""," ""Catcher"""
Ryan Shealy," ""KC"""," ""First Baseman"""
Ross Gload," ""KC"""," ""First Baseman"""
Esteban German," ""KC"""," ""Second Baseman"""
Mark Grudzielanek," ""KC"""," ""Second Baseman"""
Angel Sanchez," ""KC"""," ""Second Baseman"""
Angel Berroa," ""KC"""," ""Shortstop"""
Andres Blanco," ""KC"""," ""Shortstop"""
Mark Teahen," ""KC"""," ""Third Baseman"""
Joey Gathright," ""KC"""," ""Outfielder"""
David DeJesus," ""KC"""," ""Outfielder"""
Shane Costa," ""KC"""," ""Outfielder"""
Mitch Maier," ""KC"""," ""Outfielder"""
Reggie Sanders," ""KC"""," ""Outfielder"""
Emil Brown," ""KC"""," ""Outfielder"""
Mike Sweeney," ""KC"""," ""Designated Hitter"""
John Bale," ""KC"""," ""Starting Pitcher"""
Luke Hudson," ""KC"""," ""Starting Pitcher"""
Scott Elarton," ""KC"""," ""Starting Pitcher"""
Odalis Perez," ""KC"""," ""Starting Pitcher"""
Gil Meche," ""KC"""," ""Starting Pitcher"""
Neal Musser," ""KC"""," ""Starting Pitcher"""
Brian Bannister," ""KC"""," ""Starting Pitcher"""
Zack Greinke," ""KC"""," ""Starting Pitcher"""
Jorge De La Rosa," ""KC"""," ""Starting Pitcher"""
Todd Wellemeyer," ""KC"""," ""Relief Pitcher"""
Jimmy Gobble," ""KC"""," ""Relief Pitcher"""
Joel Peralta," ""KC"""," ""Relief Pitcher"""
Ryan Braun," ""KC"""," ""Relief Pitcher"""
Joakim Soria," ""KC"""," ""Relief Pitcher"""
Ken Ray," ""KC"""," ""Relief Pitcher"""
David Riske," ""KC"""," ""Relief Pitcher"""
Octavio Dotel," ""KC"""," ""Relief Pitcher"""
Joe Nelson," ""KC"""," ""Relief Pitcher"""
Gerald Laird," ""TEX"""," ""Catcher"""
Miguel Ojeda," ""TEX"""," ""Catcher"""
Guillermo Quiroz," ""TEX"""," ""Catcher"""
Chris Stewart," ""TEX"""," ""Catcher"""
Mark Teixeira," ""TEX"""," ""First Baseman"""
Ian Kinsler," ""TEX"""," ""Second Baseman"""
Joaquin Arias," ""TEX"""," ""Shortstop"""
Michael Young," ""TEX"""," ""Shortstop"""
Hank Blalock," ""TEX"""," ""Third Baseman"""
Marlon Byrd," ""TEX"""," ""Outfielder"""
Brad Wilkerson," ""TEX"""," ""Outfielder"""
Sammy Sosa," ""TEX"""," ""Outfielder"""
Kenny Lofton," ""TEX"""," ""Outfielder"""
Frank Catalanotto," ""TEX"""," ""Outfielder"""
Nelson Cruz," ""TEX"""," ""Outfielder"""
Jason Botts," ""TEX"""," ""Designated Hitter"""
Robinson Tejeda," ""TEX"""," ""Starting Pitcher"""
John Rheinecker," ""TEX"""," ""Starting Pitcher"""
Edinson Volquez," ""TEX"""," ""Starting Pitcher"""
A.J. Murray," ""TEX"""," ""Starting Pitcher"""
Brandon McCarthy," ""TEX"""," ""Starting Pitcher"""
Vicente Padilla," ""TEX"""," ""Starting Pitcher"""
Kevin Millwood," ""TEX"""," ""Starting Pitcher"""
John Koronka," ""TEX"""," ""Starting Pitcher"""
Frank Francisco," ""TEX"""," ""Relief Pitcher"""
Francisco Cruceta," ""TEX"""," ""Relief Pitcher"""
Akinori Otsuka," ""TEX"""," ""Relief Pitcher"""
Eric Gagne," ""TEX"""," ""Relief Pitcher"""
Ron Mahay," ""TEX"""," ""Relief Pitcher"""
Joaquin Benoit," ""TEX"""," ""Relief Pitcher"""
Rick Bauer," ""TEX"""," ""Relief Pitcher"""
Josh Rupe," ""TEX"""," ""Relief Pitcher"""
Wes Littleton," ""TEX"""," ""Relief Pitcher"""
C.J. Wilson," ""TEX"""," ""Relief Pitcher"""
Scott Feldman," ""TEX"""," ""Relief Pitcher"""
Gregg Zaun," ""TOR"""," ""Catcher"""
Jason Phillips," ""TOR"""," ""Catcher"""
Lyle Overbay," ""TOR"""," ""First Baseman"""
Russ Adams," ""TOR"""," ""Second Baseman"""
Aaron Hill," ""TOR"""," ""Second Baseman"""
Jason Smith," ""TOR"""," ""Second Baseman"""
John McDonald," ""TOR"""," ""Shortstop"""
Royce Clayton," ""TOR"""," ""Shortstop"""
Troy Glaus," ""TOR"""," ""Third Baseman"""
John Hattig," ""TOR"""," ""Third Baseman"""
Reed Johnson," ""TOR"""," ""Outfielder"""
Alex Rios," ""TOR"""," ""Outfielder"""
Vernon Wells," ""TOR"""," ""Outfielder"""
Frank Thomas," ""TOR"""," ""Designated Hitter"""
Adam Lind," ""TOR"""," ""Designated Hitter"""
Shaun Marcum," ""TOR"""," ""Starting Pitcher"""
Casey Janssen," ""TOR"""," ""Starting Pitcher"""
Gustavo Chacin," ""TOR"""," ""Starting Pitcher"""
A.J. Burnett," ""TOR"""," ""Starting Pitcher"""
Roy Halladay," ""TOR"""," ""Starting Pitcher"""
John Thomson," ""TOR"""," ""Starting Pitcher"""
Tomo Ohka," ""TOR"""," ""Starting Pitcher"""
B.J. Ryan," ""TOR"""," ""Relief Pitcher"""
Scott Downs," ""TOR"""," ""Relief Pitcher"""
Brian Tallet," ""TOR"""," ""Relief Pitcher"""
Matt Roney," ""TOR"""," ""Relief Pitcher"""
Tracy Thorpe," ""TOR"""," ""Relief Pitcher"""
Jean Machi," ""TOR"""," ""Relief Pitcher"""
Brandon League," ""TOR"""," ""Relief Pitcher"""
Dustin McGowan," ""TOR"""," ""Relief Pitcher"""
Jason Frasor," ""TOR"""," ""Relief Pitcher"""
Francisco Rosario," ""TOR"""," ""Relief Pitcher"""
Davis Romero," ""TOR"""," ""Relief Pitcher"""
Jeremy Accardo," ""TOR"""," ""Relief Pitcher"""
Mike Redmond," ""MIN"""," ""Catcher"""
Joe Mauer," ""MIN"""," ""Catcher"""
Chris Heintz," ""MIN"""," ""Catcher"""
Justin Morneau," ""MIN"""," ""First Baseman"""
Luis Castillo," ""MIN"""," ""Second Baseman"""
Alexi Casilla," ""MIN"""," ""Second Baseman"""
Alejandro Machado," ""MIN"""," ""Second Baseman"""
Jason Bartlett," ""MIN"""," ""Shortstop"""
Luis Rodriguez," ""MIN"""," ""Third Baseman"""
Jeff Cirillo," ""MIN"""," ""Third Baseman"""
Nick Punto," ""MIN"""," ""Third Baseman"""
Jason Tyner," ""MIN"""," ""Outfielder"""
Michael Cuddyer," ""MIN"""," ""Outfielder"""
Torii Hunter," ""MIN"""," ""Outfielder"""
Lew Ford," ""MIN"""," ""Outfielder"""
Jason Kubel," ""MIN"""," ""Outfielder"""
Josh Rabe," ""MIN"""," ""Designated Hitter"""
Rondell White," ""MIN"""," ""Designated Hitter"""
Ramon Ortiz," ""MIN"""," ""Starting Pitcher"""
Johan Santana," ""MIN"""," ""Starting Pitcher"""
Carlos Silva," ""MIN"""," ""Starting Pitcher"""
Matt Garza," ""MIN"""," ""Starting Pitcher"""
Boof Bonser," ""MIN"""," ""Starting Pitcher"""
Francisco Liriano," ""MIN"""," ""Starting Pitcher"""
Scott Baker," ""MIN"""," ""Starting Pitcher"""
Pat Neshek," ""MIN"""," ""Relief Pitcher"""
Glen Perkins," ""MIN"""," ""Relief Pitcher"""
Julio DePaula," ""MIN"""," ""Relief Pitcher"""
Juan Rincon," ""MIN"""," ""Relief Pitcher"""
Jesse Crain," ""MIN"""," ""Relief Pitcher"""
Matt Guerrier," ""MIN"""," ""Relief Pitcher"""
Joe Nathan," ""MIN"""," ""Relief Pitcher"""
Dennys Reyes," ""MIN"""," ""Relief Pitcher"""
Brayan Pe?a," ""ATL"""," ""Catcher"""
Brian McCann," ""ATL"""," ""Catcher"""
Craig Wilson," ""ATL"""," ""First Baseman"""
Chris Woodward," ""ATL"""," ""Second Baseman"""
Pete Orr," ""ATL"""," ""Second Baseman"""
Martin Prado," ""ATL"""," ""Second Baseman"""
Tony Pe?a," ""ATL"""," ""Shortstop"""
Edgar Renteria," ""ATL"""," ""Shortstop"""
Chipper Jones," ""ATL"""," ""Third Baseman"""
Willy Aybar," ""ATL"""," ""Third Baseman"""
Jeff Francoeur," ""ATL"""," ""Outfielder"""
Matt Diaz," ""ATL"""," ""Outfielder"""
Kelly Johnson," ""ATL"""," ""Outfielder"""
Andruw Jones," ""ATL"""," ""Outfielder"""
Ryan Langerhans," ""ATL"""," ""Outfielder"""
Scott Thorman," ""ATL"""," ""Outfielder"""
T.J. Bohn," ""ATL"""," ""Outfielder"""
Tim Hudson," ""ATL"""," ""Starting Pitcher"""
Jonathan Johnson," ""ATL"""," ""Starting Pitcher"""
John Smoltz," ""ATL"""," ""Starting Pitcher"""
Mike Hampton," ""ATL"""," ""Starting Pitcher"""
Kyle Davies," ""ATL"""," ""Starting Pitcher"""
Chuck James," ""ATL"""," ""Starting Pitcher"""
Phil Stockman," ""ATL"""," ""Relief Pitcher"""
Macay McBride," ""ATL"""," ""Relief Pitcher"""
Joey Devine," ""ATL"""," ""Relief Pitcher"""
Peter Moylan," ""ATL"""," ""Relief Pitcher"""
Mike Gonzalez," ""ATL"""," ""Relief Pitcher"""
Lance Cormier," ""ATL"""," ""Relief Pitcher"""
Blaine Boyer," ""ATL"""," ""Relief Pitcher"""
Manny Acosta," ""ATL"""," ""Relief Pitcher"""
Bob Wickman," ""ATL"""," ""Relief Pitcher"""
Tanyon Sturtze," ""ATL"""," ""Relief Pitcher"""
Oscar Villarreal," ""ATL"""," ""Relief Pitcher"""
Rafael Soriano," ""ATL"""," ""Relief Pitcher"""
Chad Paronto," ""ATL"""," ""Relief Pitcher"""
Tyler Yates," ""ATL"""," ""Relief Pitcher"""
Henry Blanco," ""CHC"""," ""Catcher"""
Michael Barrett," ""CHC"""," ""Catcher"""
Geovany Soto," ""CHC"""," ""Catcher"""
Scott Moore," ""CHC"""," ""First Baseman"""
Derrek Lee," ""CHC"""," ""First Baseman"""
Ryan Theriot," ""CHC"""," ""Second Baseman"""
Ronny Cedeno," ""CHC"""," ""Shortstop"""
Aramis Ramirez," ""CHC"""," ""Third Baseman"""
Cesar Izturis," ""CHC"""," ""Third Baseman"""
Alfonso Soriano," ""CHC"""," ""Outfielder"""
Jacque Jones," ""CHC"""," ""Outfielder"""
Daryle Ward," ""CHC"""," ""Outfielder"""
Cliff Floyd," ""CHC"""," ""Outfielder"""
Mark DeRosa," ""CHC"""," ""Outfielder"""
Matt Murton," ""CHC"""," ""Outfielder"""
Buck Coats," ""CHC"""," ""Outfielder"""
Angel Pagan," ""CHC"""," ""Outfielder"""
Sean Marshall," ""CHC"""," ""Starting Pitcher"""
Carlos Marmol," ""CHC"""," ""Starting Pitcher"""
Ryan O'Malley," ""CHC"""," ""Starting Pitcher"""
Juan Mateo," ""CHC"""," ""Starting Pitcher"""
Rich Hill," ""CHC"""," ""Starting Pitcher"""
Angel Guzman," ""CHC"""," ""Starting Pitcher"""
Wade Miller," ""CHC"""," ""Starting Pitcher"""
Jason Marquis," ""CHC"""," ""Starting Pitcher"""
Carlos Zambrano," ""CHC"""," ""Starting Pitcher"""
Ted Lilly," ""CHC"""," ""Starting Pitcher"""
Mark Prior," ""CHC"""," ""Starting Pitcher"""
Neal Cotts," ""CHC"""," ""Relief Pitcher"""
Will Ohman," ""CHC"""," ""Relief Pitcher"""
Scott Eyre," ""CHC"""," ""Relief Pitcher"""
Kerry Wood," ""CHC"""," ""Relief Pitcher"""
Ryan Dempster," ""CHC"""," ""Relief Pitcher"""
Bob Howry," ""CHC"""," ""Relief Pitcher"""
Mike Wuertz," ""CHC"""," ""Relief Pitcher"""
Roberto Novoa," ""CHC"""," ""Relief Pitcher"""
Chris Snyder," ""ARZ"""," ""Catcher"""
Miguel Montero," ""ARZ"""," ""Catcher"""
Conor Jackson," ""ARZ"""," ""First Baseman"""
Robby Hammock," ""ARZ"""," ""First Baseman"""
Tony Clark," ""ARZ"""," ""First Baseman"""
Orlando Hudson," ""ARZ"""," ""Second Baseman"""
Stephen Drew," ""ARZ"""," ""Shortstop"""
Alberto Callaspo," ""ARZ"""," ""Shortstop"""
Chad Tracy," ""ARZ"""," ""Third Baseman"""
Chris Young," ""ARZ"""," ""Outfielder"""
Scott Hairston," ""ARZ"""," ""Outfielder"""
Carlos Quentin," ""ARZ"""," ""Outfielder"""
Jeff DaVanon," ""ARZ"""," ""Outfielder"""
Eric Byrnes," ""ARZ"""," ""Outfielder"""
Livan Hernandez," ""ARZ"""," ""Starting Pitcher"""
Doug Davis," ""ARZ"""," ""Starting Pitcher"""
Randy Johnson," ""ARZ"""," ""Starting Pitcher"""
Juan Cruz," ""ARZ"""," ""Starting Pitcher"""
Brandon Webb," ""ARZ"""," ""Starting Pitcher"""
Enrique Gonzalez," ""ARZ"""," ""Starting Pitcher"""
Dana Eveland," ""ARZ"""," ""Starting Pitcher"""
Brandon Medders," ""ARZ"""," ""Relief Pitcher"""
Tony Pe?a," ""ARZ"""," ""Relief Pitcher"""
Doug Slaten," ""ARZ"""," ""Relief Pitcher"""
Edgar Gonzalez," ""ARZ"""," ""Relief Pitcher"""
Jose Valverde," ""ARZ"""," ""Relief Pitcher"""
Jorge Julio," ""ARZ"""," ""Relief Pitcher"""
Brandon Lyon," ""ARZ"""," ""Relief Pitcher"""
Miguel Olivo," ""FLA"""," ""Catcher"""
Matt Treanor," ""FLA"""," ""Catcher"""
Mike Jacobs," ""FLA"""," ""First Baseman"""
Dan Uggla," ""FLA"""," ""Second Baseman"""
Robert Andino," ""FLA"""," ""Shortstop"""
Hanley Ramirez," ""FLA"""," ""Shortstop"""
Miguel Cabrera," ""FLA"""," ""Third Baseman"""
Aaron Boone," ""FLA"""," ""Third Baseman"""
Joe Borchard," ""FLA"""," ""Outfielder"""
Alfredo Amezaga," ""FLA"""," ""Outfielder"""
Cody Ross," ""FLA"""," ""Outfielder"""
Josh Willingham," ""FLA"""," ""Outfielder"""
Jeremy Hermida," ""FLA"""," ""Outfielder"""
Eric Reed," ""FLA"""," ""Outfielder"""
Reggi Abercrombie," ""FLA"""," ""Outfielder"""
Ricky Nolasco," ""FLA"""," ""Starting Pitcher"""
Anibal Sanchez," ""FLA"""," ""Starting Pitcher"""
Scott Olsen," ""FLA"""," ""Starting Pitcher"""
Josh Johnson," ""FLA"""," ""Starting Pitcher"""
Dontrelle Willis," ""FLA"""," ""Starting Pitcher"""
Logan Kensing," ""FLA"""," ""Relief Pitcher"""
Sergio Mitre," ""FLA"""," ""Relief Pitcher"""
Kevin Gregg," ""FLA"""," ""Relief Pitcher"""
Travis Bowyer," ""FLA"""," ""Relief Pitcher"""
Renyel Pinto," ""FLA"""," ""Relief Pitcher"""
Randy Messenger," ""FLA"""," ""Relief Pitcher"""
Yusmeiro Petit," ""FLA"""," ""Relief Pitcher"""
Carlos Martinez," ""FLA"""," ""Relief Pitcher"""
Taylor Tankersley," ""FLA"""," ""Relief Pitcher"""
Henry Owens," ""FLA"""," ""Relief Pitcher"""
Jose Garcia," ""FLA"""," ""Relief Pitcher"""
Matt Lindstrom," ""FLA"""," ""Relief Pitcher"""
Javier Valentin," ""CIN"""," ""Catcher"""
Chad Moeller," ""CIN"""," ""Catcher"""
David Ross," ""CIN"""," ""Catcher"""
Joey Votto," ""CIN"""," ""First Baseman"""
Scott Hatteberg," ""CIN"""," ""First Baseman"""
Brandon Phillips," ""CIN"""," ""Second Baseman"""
Juan Castro," ""CIN"""," ""Shortstop"""
Alex Gonzalez," ""CIN"""," ""Shortstop"""
Mark Bellhorn," ""CIN"""," ""Third Baseman"""
Edwin Encarnacion," ""CIN"""," ""Third Baseman"""
Jeff Keppinger," ""CIN"""," ""Third Baseman"""
Norris Hopper," ""CIN"""," ""Outfielder"""
Chris Denorfia," ""CIN"""," ""Outfielder"""
Adam Dunn," ""CIN"""," ""Outfielder"""
Bubba Crosby," ""CIN"""," ""Outfielder"""
Jeff Conine," ""CIN"""," ""Outfielder"""
Ken Griffey Jr.," ""CIN"""," ""Outfielder"""
Josh Hamilton," ""CIN"""," ""Outfielder"""
Ryan Freel," ""CIN"""," ""Outfielder"""
Kyle Lohse," ""CIN"""," ""Starting Pitcher"""
Bronson Arroyo," ""CIN"""," ""Starting Pitcher"""
Eric Milton," ""CIN"""," ""Starting Pitcher"""
Aaron Harang," ""CIN"""," ""Starting Pitcher"""
Kirk Saarloos," ""CIN"""," ""Starting Pitcher"""
Elizardo Ramirez," ""CIN"""," ""Starting Pitcher"""
Todd Coffey," ""CIN"""," ""Relief Pitcher"""
Brian Shackelford," ""CIN"""," ""Relief Pitcher"""
Bill Bray," ""CIN"""," ""Relief Pitcher"""
Bobby Livingston," ""CIN"""," ""Relief Pitcher"""
Matt Belisle," ""CIN"""," ""Relief Pitcher"""
Gary Majewski," ""CIN"""," ""Relief Pitcher"""
Mike Stanton," ""CIN"""," ""Relief Pitcher"""
Brad Salmon," ""CIN"""," ""Relief Pitcher"""
Jared Burton," ""CIN"""," ""Relief Pitcher"""
David Weathers," ""CIN"""," ""Relief Pitcher"""
Rheal Cormier," ""CIN"""," ""Relief Pitcher"""
Yorvit Torrealba," ""COL"""," ""Catcher"""
Chris Iannetta," ""COL"""," ""Catcher"""
Alvin Colina," ""COL"""," ""Catcher"""
Todd Helton," ""COL"""," ""First Baseman"""
Jamey Carroll," ""COL"""," ""Second Baseman"""
Kaz Matsui," ""COL"""," ""Second Baseman"""
Troy Tulowitzki," ""COL"""," ""Shortstop"""
Clint Barmes," ""COL"""," ""Shortstop"""
Garrett Atkins," ""COL"""," ""Third Baseman"""
Ryan Spilborghs," ""COL"""," ""Outfielder"""
Cory Sullivan," ""COL"""," ""Outfielder"""
Jeff Salazar," ""COL"""," ""Outfielder"""
Willy Taveras," ""COL"""," ""Outfielder"""
Matt Holliday," ""COL"""," ""Outfielder"""
Brad Hawpe," ""COL"""," ""Outfielder"""
Jeff Baker," ""COL"""," ""Outfielder"""
Javy Lopez," ""COL"""," ""Designated Hitter"""
Byung-Hyun Kim," ""COL"""," ""Starting Pitcher"""
Rodrigo Lopez," ""COL"""," ""Starting Pitcher"""
Brian Lawrence," ""COL"""," ""Starting Pitcher"""
Josh Fogg," ""COL"""," ""Starting Pitcher"""
Aaron Cook," ""COL"""," ""Starting Pitcher"""
Denny Bautista," ""COL"""," ""Starting Pitcher"""
Ubaldo Jimenez," ""COL"""," ""Starting Pitcher"""
Jason Hirsh," ""COL"""," ""Starting Pitcher"""
Jeff Francis," ""COL"""," ""Starting Pitcher"""
Taylor Buchholz," ""COL"""," ""Starting Pitcher"""
Ryan Speier," ""COL"""," ""Relief Pitcher"""
Ramon Ramirez," ""COL"""," ""Relief Pitcher"""
Manny Corpas," ""COL"""," ""Relief Pitcher"""
Juan Morillo," ""COL"""," ""Relief Pitcher"""
Brian Fuentes," ""COL"""," ""Relief Pitcher"""
LaTroy Hawkins," ""COL"""," ""Relief Pitcher"""
Tom Martin," ""COL"""," ""Relief Pitcher"""
Jeremy Affeldt," ""COL"""," ""Relief Pitcher"""
Paul Lo Duca," ""NYM"""," ""Catcher"""
Ramon Castro," ""NYM"""," ""Catcher"""
Julio Franco," ""NYM"""," ""First Baseman"""
Carlos Delgado," ""NYM"""," ""First Baseman"""
Jose Valentin," ""NYM"""," ""Second Baseman"""
Anderson Hernandez," ""NYM"""," ""Second Baseman"""
Damion Easley," ""NYM"""," ""Shortstop"""
Jose Reyes," ""NYM"""," ""Shortstop"""
David Wright," ""NYM"""," ""Third Baseman"""
Ben Johnson," ""NYM"""," ""Outfielder"""
Endy Chavez," ""NYM"""," ""Outfielder"""
David Newhan," ""NYM"""," ""Outfielder"""
Carlos Beltran," ""NYM"""," ""Outfielder"""
Shawn Green," ""NYM"""," ""Outfielder"""
Moises Alou," ""NYM"""," ""Outfielder"""
Lastings Milledge," ""NYM"""," ""Outfielder"""
Alay Soler," ""NYM"""," ""Starting Pitcher"""
Mike Pelfrey," ""NYM"""," ""Starting Pitcher"""
Pedro Martinez," ""NYM"""," ""Starting Pitcher"""
Tom Glavine," ""NYM"""," ""Starting Pitcher"""
Chan Ho Park," ""NYM"""," ""Starting Pitcher"""
Orlando Hernandez," ""NYM"""," ""Starting Pitcher"""
Dave Williams," ""NYM"""," ""Starting Pitcher"""
Oliver Perez," ""NYM"""," ""Starting Pitcher"""
John Maine," ""NYM"""," ""Starting Pitcher"""
Marcos Carvajal," ""NYM"""," ""Relief Pitcher"""
Ambiorix Burgos," ""NYM"""," ""Relief Pitcher"""
Jason Vargas," ""NYM"""," ""Relief Pitcher"""
Jon Adkins," ""NYM"""," ""Relief Pitcher"""
Juan Padilla," ""NYM"""," ""Relief Pitcher"""
Duaner Sanchez," ""NYM"""," ""Relief Pitcher"""
Pedro Feliciano," ""NYM"""," ""Relief Pitcher"""
Aaron Heilman," ""NYM"""," ""Relief Pitcher"""
Jorge Sosa," ""NYM"""," ""Relief Pitcher"""
Scott Schoeneweis," ""NYM"""," ""Relief Pitcher"""
Guillermo Mota," ""NYM"""," ""Relief Pitcher"""
Billy Wagner," ""NYM"""," ""Relief Pitcher"""
Philip Humber," ""NYM"""," ""Relief Pitcher"""
Brad Ausmus," ""HOU"""," ""Catcher"""
Humberto Quintero," ""HOU"""," ""Catcher"""
Hector Gimenez," ""HOU"""," ""Catcher"""
Lance Berkman," ""HOU"""," ""First Baseman"""
Mike Lamb," ""HOU"""," ""First Baseman"""
Mark Loretta," ""HOU"""," ""Second Baseman"""
Craig Biggio," ""HOU"""," ""Second Baseman"""
Brooks Conrad," ""HOU"""," ""Second Baseman"""
Chris Burke," ""HOU"""," ""Second Baseman"""
Eric Bruntlett," ""HOU"""," ""Second Baseman"""
Adam Everett," ""HOU"""," ""Shortstop"""
Morgan Ensberg," ""HOU"""," ""Third Baseman"""
Carlos Lee," ""HOU"""," ""Outfielder"""
Jason Lane," ""HOU"""," ""Outfielder"""
Orlando Palmeiro," ""HOU"""," ""Outfielder"""
Luke Scott," ""HOU"""," ""Outfielder"""
Charlton Jimerson," ""HOU"""," ""Outfielder"""
Fernando Nieve," ""HOU"""," ""Starting Pitcher"""
Wandy Rodriguez," ""HOU"""," ""Starting Pitcher"""
Brandon Backe," ""HOU"""," ""Starting Pitcher"""
Matt Albers," ""HOU"""," ""Starting Pitcher"""
Woody Williams," ""HOU"""," ""Starting Pitcher"""
Roy Oswalt," ""HOU"""," ""Starting Pitcher"""
Jason Jennings," ""HOU"""," ""Starting Pitcher"""
Miguel Asencio," ""HOU"""," ""Relief Pitcher"""
Brad Lidge," ""HOU"""," ""Relief Pitcher"""
Trever Miller," ""HOU"""," ""Relief Pitcher"""
David Borkowski," ""HOU"""," ""Relief Pitcher"""
Dan Wheeler," ""HOU"""," ""Relief Pitcher"""
Paul Estrada," ""HOU"""," ""Relief Pitcher"""
Lincoln Holdzkom," ""HOU"""," ""Relief Pitcher"""
Chris Sampson," ""HOU"""," ""Relief Pitcher"""
Chad Qualls," ""HOU"""," ""Relief Pitcher"""
Ezequiel Astacio," ""HOU"""," ""Relief Pitcher"""
Mike Lieberthal," ""LA"""," ""Catcher"""
Russell Martin," ""LA"""," ""Catcher"""
Olmedo Saenz," ""LA"""," ""First Baseman"""
James Loney," ""LA"""," ""First Baseman"""
Nomar Garciaparra," ""LA"""," ""First Baseman"""
Jeff Kent," ""LA"""," ""Second Baseman"""
Ramon Martinez," ""LA"""," ""Second Baseman"""
Marlon Anderson," ""LA"""," ""Second Baseman"""
Rafael Furcal," ""LA"""," ""Shortstop"""
Wilson Betemit," ""LA"""," ""Third Baseman"""
Andy LaRoche," ""LA"""," ""Third Baseman"""
Matt Kemp," ""LA"""," ""Outfielder"""
Andre Ethier," ""LA"""," ""Outfielder"""
Delwyn Young," ""LA"""," ""Outfielder"""
Jason Repko," ""LA"""," ""Outfielder"""
Juan Pierre," ""LA"""," ""Outfielder"""
Luis Gonzalez," ""LA"""," ""Outfielder"""
Jason Schmidt," ""LA"""," ""Starting Pitcher"""
Randy Wolf," ""LA"""," ""Starting Pitcher"""
Brad Penny," ""LA"""," ""Starting Pitcher"""
Derek Lowe," ""LA"""," ""Starting Pitcher"""
Mark Hendrickson," ""LA"""," ""Starting Pitcher"""
Chad Billingsley," ""LA"""," ""Starting Pitcher"""
Takashi Saito," ""LA"""," ""Relief Pitcher"""
Jonathan Broxton," ""LA"""," ""Relief Pitcher"""
Hong-Chih Kuo," ""LA"""," ""Relief Pitcher"""
Eric Stults," ""LA"""," ""Relief Pitcher"""
Chin-Hui Tsao," ""LA"""," ""Relief Pitcher"""
Tim Hamulack," ""LA"""," ""Relief Pitcher"""
Yhency Brazoban," ""LA"""," ""Relief Pitcher"""
Brett Tomko," ""LA"""," ""Relief Pitcher"""
Joe Beimel," ""LA"""," ""Relief Pitcher"""
Elmer Dessens," ""LA"""," ""Relief Pitcher"""
Ryan Budde," ""PHI"""," ""Catcher"""
Rod Barajas," ""PHI"""," ""Catcher"""
Carlos Ruiz," ""PHI"""," ""Catcher"""
Chris Coste," ""PHI"""," ""Catcher"""
Ryan Howard," ""PHI"""," ""First Baseman"""
Wes Helms," ""PHI"""," ""First Baseman"""
Chase Utley," ""PHI"""," ""Second Baseman"""
Danny Sandoval," ""PHI"""," ""Second Baseman"""
Jimmy Rollins," ""PHI"""," ""Shortstop"""
Abraham Nu?ez," ""PHI"""," ""Third Baseman"""
Michael Bourn," ""PHI"""," ""Outfielder"""
Chris Roberson," ""PHI"""," ""Outfielder"""
Jayson Werth," ""PHI"""," ""Outfielder"""
Shane Victorino," ""PHI"""," ""Outfielder"""
Aaron Rowand," ""PHI"""," ""Outfielder"""
Pat Burrell," ""PHI"""," ""Outfielder"""
Greg Dobbs," ""PHI"""," ""Designated Hitter"""
Cole Hamels," ""PHI"""," ""Starting Pitcher"""
Alfredo Simon," ""PHI"""," ""Starting Pitcher"""
Scott Mathieson," ""PHI"""," ""Starting Pitcher"""
Freddy Garcia," ""PHI"""," ""Starting Pitcher"""
Jamie Moyer," ""PHI"""," ""Starting Pitcher"""
Jon Lieber," ""PHI"""," ""Starting Pitcher"""
Brett Myers," ""PHI"""," ""Starting Pitcher"""
Adam Eaton," ""PHI"""," ""Starting Pitcher"""
Geoff Geary," ""PHI"""," ""Relief Pitcher"""
Clay Condrey," ""PHI"""," ""Relief Pitcher"""
Ryan Madson," ""PHI"""," ""Relief Pitcher"""
Antonio Alfonseca," ""PHI"""," ""Relief Pitcher"""
Tom Gordon," ""PHI"""," ""Relief Pitcher"""
Brian Sanches," ""PHI"""," ""Relief Pitcher"""
Jim Ed Warden," ""PHI"""," ""Relief Pitcher"""
Anderson Garcia," ""PHI"""," ""Relief Pitcher"""
Eude Brito," ""PHI"""," ""Relief Pitcher"""
Fabio Castro," ""PHI"""," ""Relief Pitcher"""
Matt Smith," ""PHI"""," ""Relief Pitcher"""
Damian Miller," ""MLW"""," ""Catcher"""
Johnny Estrada," ""MLW"""," ""Catcher"""
Mike Rivera," ""MLW"""," ""Catcher"""
J.D. Closser," ""MLW"""," ""Catcher"""
Prince Fielder," ""MLW"""," ""First Baseman"""
Rickie Weeks," ""MLW"""," ""Second Baseman"""
Tony Graffanino," ""MLW"""," ""Second Baseman"""
Craig Counsell," ""MLW"""," ""Shortstop"""
J.J. Hardy," ""MLW"""," ""Shortstop"""
Bill Hall," ""MLW"""," ""Shortstop"""
Vinny Rottino," ""MLW"""," ""Third Baseman"""
Corey Koskie," ""MLW"""," ""Third Baseman"""
Kevin Mench," ""MLW"""," ""Outfielder"""
Geoff Jenkins," ""MLW"""," ""Outfielder"""
Brady Clark," ""MLW"""," ""Outfielder"""
Tony Gwynn Jr.," ""MLW"""," ""Outfielder"""
Corey Hart," ""MLW"""," ""Outfielder"""
Gabe Gross," ""MLW"""," ""Outfielder"""
Laynce Nix," ""MLW"""," ""Outfielder"""
Drew Anderson," ""MLW"""," ""Outfielder"""
Claudio Vargas," ""MLW"""," ""Starting Pitcher"""
Chris Capuano," ""MLW"""," ""Starting Pitcher"""
Ben Hendrickson," ""MLW"""," ""Starting Pitcher"""
Dave Bush," ""MLW"""," ""Starting Pitcher"""
Carlos Villanueva," ""MLW"""," ""Starting Pitcher"""
Ben Sheets," ""MLW"""," ""Starting Pitcher"""
Jeff Suppan," ""MLW"""," ""Starting Pitcher"""
Brian Shouse," ""MLW"""," ""Relief Pitcher"""
Francisco Cordero," ""MLW"""," ""Relief Pitcher"""
Derrick Turnbow," ""MLW"""," ""Relief Pitcher"""
Matt Wise," ""MLW"""," ""Relief Pitcher"""
Grant Balfour," ""MLW"""," ""Relief Pitcher"""
Dennis Sarfate," ""MLW"""," ""Relief Pitcher"""
Jose Capellan," ""MLW"""," ""Relief Pitcher"""
Greg Aquino," ""MLW"""," ""Relief Pitcher"""
Josh Bard," ""SD"""," ""Catcher"""
Rob Bowen," ""SD"""," ""Catcher"""
Adrian Gonzalez," ""SD"""," ""First Baseman"""
Marcus Giles," ""SD"""," ""Second Baseman"""
Todd Walker," ""SD"""," ""Second Baseman"""
Geoff Blum," ""SD"""," ""Shortstop"""
Khalil Greene," ""SD"""," ""Shortstop"""
Paul McAnulty," ""SD"""," ""Outfielder"""
Terrmel Sledge," ""SD"""," ""Outfielder"""
Jack Cust," ""SD"""," ""Outfielder"""
Jose Cruz Jr.," ""SD"""," ""Outfielder"""
Russell Branyan," ""SD"""," ""Outfielder"""
Mike Cameron," ""SD"""," ""Outfielder"""
Brian Giles," ""SD"""," ""Outfielder"""
Kevin Kouzmanoff," ""SD"""," ""Designated Hitter"""
Mike Thompson," ""SD"""," ""Starting Pitcher"""
Clay Hensley," ""SD"""," ""Starting Pitcher"""
Chris Young," ""SD"""," ""Starting Pitcher"""
Greg Maddux," ""SD"""," ""Starting Pitcher"""
Jake Peavy," ""SD"""," ""Starting Pitcher"""
Scott Cassidy," ""SD"""," ""Relief Pitcher"""
Scott Strickland," ""SD"""," ""Relief Pitcher"""
Scott Linebrink," ""SD"""," ""Relief Pitcher"""
Doug Brocail," ""SD"""," ""Relief Pitcher"""
Trevor Hoffman," ""SD"""," ""Relief Pitcher"""
Heath Bell," ""SD"""," ""Relief Pitcher"""
Royce Ring," ""SD"""," ""Relief Pitcher"""
Cla Meredith," ""SD"""," ""Relief Pitcher"""
Andrew Brown," ""SD"""," ""Relief Pitcher"""
Mike Adams," ""SD"""," ""Relief Pitcher"""
Justin Hampson," ""SD"""," ""Relief Pitcher"""
Kevin Cameron," ""SD"""," ""Relief Pitcher"""
Ryan Ketchner," ""SD"""," ""Relief Pitcher"""
Brian Schneider," ""WAS"""," ""Catcher"""
Jesus Flores," ""WAS"""," ""Catcher"""
Larry Broadway," ""WAS"""," ""First Baseman"""
Nick Johnson," ""WAS"""," ""First Baseman"""
Bernie Castro," ""WAS"""," ""Second Baseman"""
Josh Wilson," ""WAS"""," ""Shortstop"""
Cristian Guzman," ""WAS"""," ""Shortstop"""
Felipe Lopez," ""WAS"""," ""Shortstop"""
Ryan Zimmerman," ""WAS"""," ""Third Baseman"""
Nook Logan," ""WAS"""," ""Outfielder"""
Ryan Church," ""WAS"""," ""Outfielder"""
Kory Casto," ""WAS"""," ""Outfielder"""
Mike Restovich," ""WAS"""," ""Outfielder"""
Alex Escobar," ""WAS"""," ""Outfielder"""
Austin Kearns," ""WAS"""," ""Outfielder"""
Chris Snelling," ""WAS"""," ""Outfielder"""
Billy Traber," ""WAS"""," ""Starting Pitcher"""
Tim Redding," ""WAS"""," ""Starting Pitcher"""
John Patterson," ""WAS"""," ""Starting Pitcher"""
Shawn Hill," ""WAS"""," ""Starting Pitcher"""
Joel Hanrahan," ""WAS"""," ""Starting Pitcher"""
Mike O'Connor," ""WAS"""," ""Starting Pitcher"""
Emiliano Fruto," ""WAS"""," ""Relief Pitcher"""
Chris Schroder," ""WAS"""," ""Relief Pitcher"""
Brett Campbell," ""WAS"""," ""Relief Pitcher"""
Beltran Perez," ""WAS"""," ""Relief Pitcher"""
Levale Speigner," ""WAS"""," ""Relief Pitcher"""
Jason Bergmann," ""WAS"""," ""Relief Pitcher"""
Saul Rivera," ""WAS"""," ""Relief Pitcher"""
Chris Booker," ""WAS"""," ""Relief Pitcher"""
Micah Bowie," ""WAS"""," ""Relief Pitcher"""
Jon Rauch," ""WAS"""," ""Relief Pitcher"""
Jerome Williams," ""WAS"""," ""Relief Pitcher"""
Luis Ayala," ""WAS"""," ""Relief Pitcher"""
Ryan Wagner," ""WAS"""," ""Relief Pitcher"""
Chad Cordero," ""WAS"""," ""Relief Pitcher"""
Humberto Cota," ""PIT"""," ""Catcher"""
Ronny Paulino," ""PIT"""," ""Catcher"""
Adam LaRoche," ""PIT"""," ""First Baseman"""
Ryan Doumit," ""PIT"""," ""First Baseman"""
Brad Eldred," ""PIT"""," ""First Baseman"""
Jose Castillo," ""PIT"""," ""Second Baseman"""
Jack Wilson," ""PIT"""," ""Shortstop"""
Freddy Sanchez," ""PIT"""," ""Third Baseman"""
Jason Bay," ""PIT"""," ""Outfielder"""
Jose Bautista," ""PIT"""," ""Outfielder"""
Xavier Nady," ""PIT"""," ""Outfielder"""
Jody Gerut," ""PIT"""," ""Outfielder"""
Nate McLouth," ""PIT"""," ""Outfielder"""
Chris Duffy," ""PIT"""," ""Outfielder"""
Rajai Davis," ""PIT"""," ""Outfielder"""
Shane Youman," ""PIT"""," ""Starting Pitcher"""
Yoslan Herrera," ""PIT"""," ""Starting Pitcher"""
Josh Shortslef," ""PIT"""," ""Starting Pitcher"""
Zach Duke," ""PIT"""," ""Starting Pitcher"""
Paul Maholm," ""PIT"""," ""Starting Pitcher"""
Tom Gorzelanny," ""PIT"""," ""Starting Pitcher"""
Shawn Chacon," ""PIT"""," ""Starting Pitcher"""
Tony Armas Jr.," ""PIT"""," ""Starting Pitcher"""
Ian Snell," ""PIT"""," ""Starting Pitcher"""
Sean Burnett," ""PIT"""," ""Starting Pitcher"""
John Grabow," ""PIT"""," ""Relief Pitcher"""
Marty McLeary," ""PIT"""," ""Relief Pitcher"""
Salomon Torres," ""PIT"""," ""Relief Pitcher"""
Damaso Marte," ""PIT"""," ""Relief Pitcher"""
Matt Capps," ""PIT"""," ""Relief Pitcher"""
Josh Sharpless," ""PIT"""," ""Relief Pitcher"""
Bryan Bullington," ""PIT"""," ""Relief Pitcher"""
Jonah Bayliss," ""PIT"""," ""Relief Pitcher"""
Brian Rogers," ""PIT"""," ""Relief Pitcher"""
Juan Perez," ""PIT"""," ""Relief Pitcher"""
Bengie Molina," ""SF"""," ""Catcher"""
Eliezer Alfonzo," ""SF"""," ""Catcher"""
Lance Niekro," ""SF"""," ""First Baseman"""
Mark Sweeney," ""SF"""," ""First Baseman"""
Ray Durham," ""SF"""," ""Second Baseman"""
Kevin Frandsen," ""SF"""," ""Second Baseman"""
Omar Vizquel," ""SF"""," ""Shortstop"""
Rich Aurilia," ""SF"""," ""Third Baseman"""
Pedro Feliz," ""SF"""," ""Third Baseman"""
Todd Linden," ""SF"""," ""Outfielder"""
Dave Roberts," ""SF"""," ""Outfielder"""
Jason Ellison," ""SF"""," ""Outfielder"""
Randy Winn," ""SF"""," ""Outfielder"""
Ryan Klesko," ""SF"""," ""Outfielder"""
Barry Bonds," ""SF"""," ""Outfielder"""
Fred Lewis," ""SF"""," ""Outfielder"""
Kelyn Acosta," ""SF"""," ""Starting Pitcher"""
Jonathan Sanchez," ""SF"""," ""Starting Pitcher"""
Matt Cain," ""SF"""," ""Starting Pitcher"""
Matt Morris," ""SF"""," ""Starting Pitcher"""
Russ Ortiz," ""SF"""," ""Starting Pitcher"""
Noah Lowry," ""SF"""," ""Starting Pitcher"""
Barry Zito," ""SF"""," ""Starting Pitcher"""
Vinnie Chulk," ""SF"""," ""Relief Pitcher"""
Kevin Correia," ""SF"""," ""Relief Pitcher"""
Steve Kline," ""SF"""," ""Relief Pitcher"""
Armando Benitez," ""SF"""," ""Relief Pitcher"""
Scott Munter," ""SF"""," ""Relief Pitcher"""
Jack Taschner," ""SF"""," ""Relief Pitcher"""
Brian Wilson," ""SF"""," ""Relief Pitcher"""
Merkin Valdez," ""SF"""," ""Relief Pitcher"""
Brad Hennessey," ""SF"""," ""Relief Pitcher"""
Billy Sadler," ""SF"""," ""Relief Pitcher"""
Pat Misch," ""SF"""," ""Relief Pitcher"""
Gary Bennett," ""STL"""," ""Catcher"""
Yadier Molina," ""STL"""," ""Catcher"""
John Nelson," ""STL"""," ""First Baseman"""
Albert Pujols," ""STL"""," ""First Baseman"""
Adam Kennedy," ""STL"""," ""Second Baseman"""
Aaron Miles," ""STL"""," ""Second Baseman"""
David Eckstein," ""STL"""," ""Shortstop"""
Scott Rolen," ""STL"""," ""Third Baseman"""
Scott Spiezio," ""STL"""," ""Third Baseman"""
Jim Edmonds," ""STL"""," ""Outfielder"""
So Taguchi," ""STL"""," ""Outfielder"""
Juan Encarnacion," ""STL"""," ""Outfielder"""
Skip Schumaker," ""STL"""," ""Outfielder"""
John Rodriguez," ""STL"""," ""Outfielder"""
Chris Duncan," ""STL"""," ""Outfielder"""
Adam Wainwright," ""STL"""," ""Starting Pitcher"""
Mark Mulder," ""STL"""," ""Starting Pitcher"""
Anthony Reyes," ""STL"""," ""Starting Pitcher"""
Ryan Franklin," ""STL"""," ""Starting Pitcher"""
Kip Wells," ""STL"""," ""Starting Pitcher"""
Chris Carpenter," ""STL"""," ""Starting Pitcher"""
Russ Springer," ""STL"""," ""Relief Pitcher"""
Jason Isringhausen," ""STL"""," ""Relief Pitcher"""
Ricardo Rincon," ""STL"""," ""Relief Pitcher"""
Braden Looper," ""STL"""," ""Relief Pitcher"""
Randy Flores," ""STL"""," ""Relief Pitcher"""
Josh Hancock," ""STL"""," ""Relief Pitcher"""
Brad Thompson," ""STL"""," ""Relief Pitcher"""
Tyler Johnson," ""STL"""," ""Relief Pitcher"""
Chris Narveson," ""STL"""," ""Relief Pitcher"""
Randy Keisler," ""STL"""," ""Relief Pitcher"""
Josh Kinney," ""STL"""," ""Relief Pitcher"""
